<annotation>
	<folder>images</folder>
	<filename>00013.jpg</filename>
	<path>D:\projects\quexian\yolo\source_yolov5_v4\yolov5-4.0\paper_data\images\00013.jpg</path>
	<source>
		<database>Unknown</database>
	</source>
	<size>
		<width>274</width>
		<height>267</height>
		<depth>3</depth>
	</size>
	<segmented>0</segmented>
	<object>
		<name>1</name>
		<pose>Unspecified</pose>
		<truncated>0</truncated>
		<difficult>0</difficult>
		<bndbox>
			<xmin>88</xmin>
			<ymin>46</ymin>
			<xmax>220</xmax>
			<ymax>177</ymax>
		</bndbox>
	</object>
</annotation>
