<annotation>
	<folder>images</folder>
	<filename>00020.jpg</filename>
	<path>D:\projects\quexian\yolo\source_yolov5_v4\yolov5-4.0\paper_data\images\00020.jpg</path>
	<source>
		<database>Unknown</database>
	</source>
	<size>
		<width>318</width>
		<height>340</height>
		<depth>3</depth>
	</size>
	<segmented>0</segmented>
	<object>
		<name>1</name>
		<pose>Unspecified</pose>
		<truncated>0</truncated>
		<difficult>0</difficult>
		<bndbox>
			<xmin>66</xmin>
			<ymin>61</ymin>
			<xmax>198</xmax>
			<ymax>196</ymax>
		</bndbox>
	</object>
</annotation>
