<annotation>
	<folder>images</folder>
	<filename>0006.jpg</filename>
	<path>D:\projects\quexian\yolo\source_yolov5_v4\yolov5-4.0\paper_data\images\0006.jpg</path>
	<source>
		<database>Unknown</database>
	</source>
	<size>
		<width>266</width>
		<height>292</height>
		<depth>3</depth>
	</size>
	<segmented>0</segmented>
	<object>
		<name>1</name>
		<pose>Unspecified</pose>
		<truncated>0</truncated>
		<difficult>0</difficult>
		<bndbox>
			<xmin>39</xmin>
			<ymin>41</ymin>
			<xmax>195</xmax>
			<ymax>188</ymax>
		</bndbox>
	</object>
</annotation>
